{"cameraMode":{"drawMode":0,"name":"Shaded","section":"Shading Mode"},"sceneLighting":true,"audioPlay":false,"sceneViewState":{"m_AlwaysRefresh":false,"showFog":true,"showSkybox":true,"showFlares":true,"showImageEffects":true,"showParticleSystems":true,"showVisualEffectGraphs":true,"m_FxEnabled":true},"in2DMode":false,"pivot":{"x":-17.659404754638673,"y":1.1441516876220704,"z":-4.021978378295898},"rotation":{"x":0.4516970217227936,"y":-0.11321201175451279,"z":0.057904139161109927,"w":0.8830727934837341},"size":38.633384704589847,"orthographic":false}