{"cameraMode":{"drawMode":0,"name":"Shaded","section":"Shading Mode"},"sceneLighting":true,"audioPlay":false,"sceneViewState":{"m_AlwaysRefresh":false,"showFog":true,"showSkybox":true,"showFlares":true,"showImageEffects":true,"showParticleSystems":true,"showVisualEffectGraphs":true,"m_FxEnabled":true},"in2DMode":false,"pivot":{"x":0.29471731185913088,"y":1.1765215396881104,"z":-0.04246246814727783},"rotation":{"x":-0.010156708769500256,"y":0.9032946825027466,"z":-0.42835795879364016,"w":-0.0214095376431942},"size":20.83426284790039,"orthographic":false}